{
  "Admiralty": [1.4406915, 103.8009276],
  "Aljunied": [1.3164515, 103.8829087],
  "Ang Mo Kio": [1.3701285, 103.8496374],
  "Bahar Junction": [1.3459012, 103.7027038],
  "Bakau": [1.3880083, 103.905418],
  "Bangkit": [1.3800432, 103.7726581],
  "Bartley": [1.3424382, 103.8804493],
  "Bayfront": [1.2826608, 103.8597441],
  "Bayshore": [1.3129696, 103.9418608],
  "Beauty World": [1.34127, 103.776006],
  "Bedok": [1.3239765, 103.930216],
  "Bedok North": [1.3346913, 103.9179906],
  "Bedok Reservoir": [1.3367222, 103.9321489],
  "Bedok South": [1.3171206, 103.9498854],
  "Bencoolen": [1.2994334, 103.8494421],
  "Bendemeer": [1.3135751, 103.862645],
  "Bishan": [1.351482, 103.8482524],
  "Boon Keng": [1.3197925, 103.8616474],
  "Boon Lay": [1.3385752, 103.7058478],
  "Botanic Gardens": [1.3225803, 103.8157743],
  "Braddell": [1.3406004, 103.8468247],
  "Bras Basah": [1.2968537, 103.8505162],
  "Brickland": [1.3700109, 103.7477121],
  "Bright Hill": [1.3638065, 103.8334309],
  "Buangkok": [1.3830565, 103.89305],
  "Bugis": [1.3005572, 103.856061],
  "Bukit Batok": [1.3490907, 103.7495298],
  "Bukit Batok West": [1.3455305, 103.7397329],
  "Bukit Gombak": [1.3588876, 103.7517424],
  "Bukit Panjang": [1.3786023, 103.7620434],
  "Buona Vista": [1.3073213, 103.790946],
  "Caldecott": [1.3375669, 103.8397075],
  "Canberra": [1.4432586, 103.8296077],
  "Cantonment": [1.2728419, 103.8374515],
  "Cashew": [1.3693616, 103.7647369],
  "Changi Airport": [1.3573382, 103.9885647],
  "Changi Airport Terminal 5": [1.3288464, 103.9940353],
  "Cheng Lim": [1.3962917, 103.8937904],
  "Chinatown": [1.2849846, 103.8439678],
  "Chinese Garden": [1.3423978, 103.732544],
  "Choa Chu Kang": [1.3847044, 103.7444967],
  "Choa Chu Kang West": [1.3791513, 103.7399643],
  "City Hall": [1.293108, 103.8527116],
  "Clarke Quay": [1.2889762, 103.8468694],
  "Clementi": [1.3151003, 103.7652311],
  "Commonwealth": [1.3024428, 103.7983085],
  "Compassvale": [1.394518, 103.9004349],
  "Coral Edge": [1.3939318, 103.9125723],
  "Corporation": [1.3530222, 103.7140654],
  "Cove": [1.3994603, 103.9058059],
  "Dakota": [1.308438, 103.88832],
  "Damai": [1.4052523, 103.9085982],
  "Dhoby Ghaut": [1.30003, 103.845387],
  "Dover": [1.3114214, 103.7786275],
  "Downtown": [1.2794465, 103.8528373],
  "Enterprise": [1.3328021, 103.7085422],
  "Esplanade": [1.2932537, 103.8559703],
  "Eunos": [1.3198016, 103.9028891],
  "Expo": [1.3353018, 103.9619381],
  "Fajar": [1.3845178, 103.770797],
  "Farmway": [1.3971948, 103.8892243],
  "Farrer Park": [1.3127545, 103.8543738],
  "Farrer Road": [1.3176276, 103.8077853],
  "Fernvale": [1.3919037, 103.8762794],
  "Fort Canning": [1.2924806, 103.8443248],
  "Founders' Memorial": [1.2912203, 103.868907],
  "Gardens by the Bay": [1.279054, 103.8681736],
  "Gek Poh": [1.3483404, 103.6980794],
  "Geylang Bahru": [1.3215932, 103.8720146],
  "Great World": [1.2946409, 103.8335741],
  "Gul Circle": [1.3196353, 103.6606551],
  "HarbourFront": [1.2654763, 103.8224009],
  "Havelock": [1.2884315, 103.8336405],
  "Haw Par Villa": [1.2826539, 103.7817717],
  "Hillview": [1.3625069, 103.7670978],
  "Holland Village": [1.312117, 103.795744],
  "Hong Kah": [1.3582378, 103.7271914],
  "Hougang": [1.3719043, 103.892725],
  "Jalan Besar": [1.3082009, 103.8571444],
  "Jelapang": [1.386706, 103.7644967],
  "Joo Koon": [1.327735, 103.6782221],
  "Jurong East": [1.3329581, 103.7420519],
  "Jurong Hill": [1.318581, 103.7102098],
  "Jurong Pier": [1.313022, 103.7104354],
  "Jurong Town Hall": [1.3264148, 103.7452272],
  "Jurong West": [1.3491904, 103.7082891],
  "Kadaloor": [1.399601, 103.9164448],
  "Kaki Bukit": [1.3349944, 103.9086571],
  "Kallang": [1.3114481, 103.8713388],
  "Kangkar": [1.3839286, 103.9022055],
  "Katong Park": [1.2978644, 103.8864143],
  "Keat Hong": [1.3785783, 103.7490338],
  "Kembangan": [1.3210321, 103.9129269],
  "Kent Ridge": [1.2933012, 103.7844127],
  "Keppel": [1.2695739, 103.82934],
  "Khatib": [1.4173364, 103.8330949],
  "King Albert Park": [1.3360325, 103.783519],
  "Kovan": [1.3599863, 103.8848589],
  "Kranji": [1.4252574, 103.7619541],
  "Kupang": [1.3982038, 103.881246],
  "Labrador Park": [1.2723178, 103.802786],
  "Lakeside": [1.3442605, 103.7207503],
  "Lavender": [1.306814, 103.8622179],
  "Layar": [1.3920846, 103.8800319],
  "Lentor": [1.3848853, 103.8365739],
  "Little India": [1.3066237, 103.8493266],
  "Lorong Chuan": [1.3514878, 103.8633948],
  "MacPherson": [1.3262838, 103.8897064],
  "Marina Bay": [1.2753434, 103.8544802],
  "Marina South": [1.2740007, 103.8631737],
  "Marina South Pier": [1.2717504, 103.8627228],
  "Marine Parade": [1.3030169, 103.9057229],
  "Marine Terrace": [1.3069297, 103.9157452],
  "Marsiling": [1.4326312, 103.7741196],
  "Marymount": [1.3486136, 103.8392382],
  "Mattar": [1.3267827, 103.8832884],
  "Maxwell": [1.2805017, 103.8439001],
  "Mayflower": [1.3725786, 103.8369369],
  "Meridian": [1.3969357, 103.9088889],
  "Mount Pleasant": [1.3286066, 103.8352373],
  "Mountbatten": [1.3062494, 103.8824959],
  "Nanyang Crescent": [1.3485428, 103.6811253],
  "Nanyang Gateway": [1.3537812, 103.6866773],
  "Napier": [1.306802, 103.8188435],
  "Newton": [1.3139942, 103.8378484],
  "Nibong": [1.4118877, 103.9003304],
  "Nicoll Highway": [1.2997426, 103.8636976],
  "Novena": [1.3204509, 103.8439075],
  "Oasis": [1.4022823, 103.9127329],
  "one-north": [1.2996089, 103.7872376],
  "Orchard": [1.302916, 103.8313643],
  "Orchard Boulevard": [1.3025452, 103.8239132],
  "Outram Park": [1.2807179, 103.8402665],
  "Pandan Reservoir": [1.320439, 103.7448028],
  "Pasir Panjang": [1.276177, 103.791614],
  "Pasir Ris": [1.3730307, 103.949255],
  "Paya Lebar": [1.3180125, 103.8920586],
  "Pending": [1.3761599, 103.7712594],
  "Peng Kang": [1.3428682, 103.6785915],
  "Peng Kang Hill": [1.3428682, 103.6785915],
  "Petir": [1.3777613, 103.7666228],
  "Phoenix": [1.3785977, 103.757998],
  "Pioneer": [1.3375884, 103.6974104],
  "Potong Pasir": [1.3313538, 103.8691252],
  "Prince Edward Road": [1.2729686, 103.8464105],
  "Promenade": [1.2926206, 103.8611075],
  "Punggol": [1.4051499, 103.9024702],
  "Punggol Coast": [1.4153437, 103.9106768],
  "Punggol Point": [1.4168814, 103.9066298],
  "Queenstown": [1.2946235, 103.8060454],
  "Raffles Place": [1.2843941, 103.8514444],
  "Ranggung": [1.3840474, 103.8974006],
  "Redhill": [1.2896482, 103.8167677],
  "Renjong": [1.3867294, 103.8905331],
  "Riviera": [1.394538, 103.9161538],
  "Rochor": [1.3039839, 103.8526118],
  "Rumbia": [1.3914749, 103.9059729],
  "Sam Kee": [1.4097076, 103.904874],
  "Samudera": [1.4159537, 103.9021398],
  "Segar": [1.3878065, 103.7695859],
  "Sembawang": [1.449149, 103.8200414],
  "Sengkang": [1.3914307, 103.8952765],
  "Senja": [1.3826714, 103.7623585],
  "Serangoon": [1.3497629, 103.873721],
  "Shenton Way": [1.277836, 103.8505274],
  "Siglap": [1.3100971, 103.9305475],
  "Simei": [1.3431881, 103.953371],
  "Sixth Avenue": [1.3306968, 103.7972028],
  "Somerset": [1.3003366, 103.8385059],
  "Soo Teck": [1.4053014, 103.8972748],
  "South View": [1.3802633, 103.7452788],
  "Springleaf": [1.3982381, 103.8180864],
  "Stadium": [1.3028989, 103.8754768],
  "Stevens": [1.3200831, 103.8254355],
  "Sumang": [1.4085322, 103.8985342],
  "Sungei Bedok": [1.3205526, 103.9571714],
  "Sungei Kadut": [1.4125423, 103.7493903],
  "Tai Seng": [1.3354599, 103.8883024],
  "Tampines": [1.3552399, 103.9430609],
  "Tampines East": [1.3561487, 103.955007],
  "Tampines West": [1.3454132, 103.9385087],
  "Tan Kah Kee": [1.326052, 103.8069722],
  "Tanah Merah": [1.3272506, 103.9465065],
  "Tanjong Katong": [1.2992286, 103.8973712],
  "Tanjong Pagar": [1.2765707, 103.845848],
  "Tanjong Rhu": [1.2971968, 103.8735343],
  "Tawas": [1.3501085, 103.6921724],
  "Teck Lee": [1.4127544, 103.9066258],
  "Teck Whye": [1.3766511, 103.753635],
  "Telok Ayer": [1.2823577, 103.8483554],
  "Telok Blangah": [1.2705858, 103.8098632],
  "Tengah": [1.3702409, 103.7329139],
  "Tengah Park": [1.3523573, 103.7370089],